feature,mean_shap
bureau_AMT_CREDIT_SUM_DEBT_mean,-0.0048469997923112655
bureau_CNT_CREDIT_PROLONG_mean,-5.910997076051959e-06
prevapp_NFLAG_LAST_APPL_IN_DAY_var,-1.0615692805408356e-05
FLAG_DOCUMENT_4,0.0
prevapp_AMT_ANNUITY_sum,-0.00010017340079430099
prevapp_DAYS_FIRST_DUE_mean,9.772033725150516e-05
DAYS_BIRTH,-0.013893179931315126
bureau_CREDIT_DAY_OVERDUE_max,0.0
DAYS_EMPLOYED,-0.009483291886732904
prevapp_AMT_GOODS_PRICE_min,-7.621982249316617e-05
FLAG_PHONE,-0.4353844319348405
prevapp_DAYS_DECISION_sum,-0.0002856235834769511
FLAG_DOCUMENT_18,1.2996349296692877e-06
bureau_AMT_CREDIT_SUM_LIMIT_sum,-4.109473421874268e-05
AMT_REQ_CREDIT_BUREAU_QRT,-0.02864411659296533
prevapp_RATE_INTEREST_PRIMARY_sum,-2.1855534281671902e-06
FLAG_DOCUMENT_8,-0.010237965421708848
FLAG_DOCUMENT_11,0.0
prevapp_DAYS_FIRST_DRAWING_min,-0.021612309855329918
prevapp_CNT_PAYMENT_min,0.0010174311845137418
CNT_FAM_MEMBERS,-0.07899832090963027
bureau_AMT_CREDIT_SUM_OVERDUE_max,-0.00028711799751953196
prevapp_AMT_APPLICATION_min,0.00013149405941426996
bureau_DAYS_CREDIT_sum,-0.0012496745366897871
prevapp_RATE_INTEREST_PRIVILEGED_sum,0.0
prevapp_SK_ID_PREV_mean,-1.0669309415091098e-06
bureau_SK_ID_BUREAU_min,4.933675641263301e-05
prevapp_AMT_ANNUITY_min,-0.0034498099391114985
SK_ID_CURR,-0.0005058491512958185
prevapp_RATE_DOWN_PAYMENT_mean,-0.0015029864271622877
NAME_EDUCATION_TYPE,-0.1679747122106062
prevapp_AMT_APPLICATION_mean,-0.00011009350720489045
FLAG_DOCUMENT_3,-0.2529973590374871
AMT_REQ_CREDIT_BUREAU_MON,-0.011609803821425216
OCCUPATION_TYPE,-0.08923933624275504
prevapp_AMT_ANNUITY_mean,-0.0027224327202843798
prevapp_AMT_GOODS_PRICE_sum,0.0
NAME_CONTRACT_TYPE,-0.01100802724048089
AMT_REQ_CREDIT_BUREAU_WEEK,-1.7968879620794102e-05
prevapp_DAYS_TERMINATION_min,-0.0010470683436599778
FLAG_MOBIL,0.0
prevapp_DAYS_FIRST_DRAWING_var,0.003525493155124302
LIVE_CITY_NOT_WORK_CITY,0.0
prevapp_AMT_CREDIT_min,-5.92538829628826e-05
prevapp_NFLAG_LAST_APPL_IN_DAY_min,0.0
prevapp_DAYS_FIRST_DUE_var,0.0001070479891394955
bureau_AMT_CREDIT_SUM_DEBT_max,-0.0007401803254254562
prevapp_HOUR_APPR_PROCESS_START_sum,-9.02381751487601e-06
FLAG_DOCUMENT_10,0.0
DEF_60_CNT_SOCIAL_CIRCLE,-0.043978784857968495
DAYS_ID_PUBLISH,-0.012459658406102555
prevapp_AMT_APPLICATION_var,-3.901154920565723e-05
FLAG_EMP_PHONE,-0.009356282922956509
bureau_AMT_CREDIT_SUM_DEBT_sum,-0.021021514941516634
OBS_30_CNT_SOCIAL_CIRCLE,-0.11206010849937915
FLAG_DOCUMENT_17,-9.166264483758032e-07
prevapp_AMT_CREDIT_var,0.0
prevapp_DAYS_LAST_DUE_1ST_VERSION_max,-0.01934024943569043
FLAG_DOCUMENT_16,-9.220604063009664e-05
FLAG_DOCUMENT_13,0.0
prevapp_HOUR_APPR_PROCESS_START_min,1.5254572623573442e-06
prevapp_SK_ID_PREV_sum,0.00013736745574315833
prevapp_AMT_DOWN_PAYMENT_mean,-0.011112947350847975
prevapp_DAYS_LAST_DUE_1ST_VERSION_mean,-0.0004776895257960933
NAME_FAMILY_STATUS,-0.19743987095377122
prevapp_NFLAG_INSURED_ON_APPROVAL_var,-0.027965084646587975
prevapp_NFLAG_INSURED_ON_APPROVAL_min,-0.06493845222671157
FLAG_DOCUMENT_15,0.0
bureau_AMT_CREDIT_SUM_LIMIT_max,-0.010839577458643519
prevapp_AMT_GOODS_PRICE_mean,0.00023325649385536005
prevapp_AMT_GOODS_PRICE_var,-0.0003038703481577561
bureau_AMT_CREDIT_SUM_min,-0.007253453641532811
prevapp_NFLAG_LAST_APPL_IN_DAY_max,0.0
bureau_AMT_CREDIT_SUM_mean,-0.0015744852254718678
bureau_AMT_CREDIT_SUM_OVERDUE_var,-0.0009634060915553083
bureau_CNT_CREDIT_PROLONG_min,0.0
FLAG_DOCUMENT_7,0.0
REGION_RATING_CLIENT,-0.05124691171908655
ORGANIZATION_TYPE,-0.012464849399346915
bureau_DAYS_CREDIT_UPDATE_var,-1.1367477024589866e-05
REGION_RATING_CLIENT_W_CITY,-0.16728343666513437
bureau_AMT_CREDIT_SUM_DEBT_var,-0.002379865611998262
AMT_INCOME_TOTAL,0.00048346197097502496
DAYS_REGISTRATION,-0.00104921197985309
bureau_DAYS_ENDDATE_FACT_max,-0.0034431354182785866
FLAG_CONT_MOBILE,0.0
prevapp_SELLERPLACE_AREA_min,-0.0014191760783432673
FLAG_DOCUMENT_12,0.0
bureau_DAYS_CREDIT_ENDDATE_var,-0.004382700869150426
prevapp_CNT_PAYMENT_var,-0.001444254263443969
LIVE_REGION_NOT_WORK_REGION,0.0
DEF_30_CNT_SOCIAL_CIRCLE,-0.16446028598698728
AMT_REQ_CREDIT_BUREAU_DAY,0.0
DAYS_LAST_PHONE_CHANGE,-0.002505997626102795
bureau_AMT_CREDIT_MAX_OVERDUE_sum,-0.016909345889630733
prevapp_AMT_APPLICATION_max,-0.0009239466595409823
prevapp_CNT_PAYMENT_sum,-0.0017373719579641977
OBS_60_CNT_SOCIAL_CIRCLE,-0.05532885739989854
prevapp_DAYS_LAST_DUE_1ST_VERSION_var,-1.345174817795803e-05
prevapp_DAYS_FIRST_DRAWING_max,0.0
prevapp_DAYS_FIRST_DRAWING_mean,-0.0070128249413000335
prevapp_DAYS_LAST_DUE_1ST_VERSION_sum,0.006460322417588313
prevapp_DAYS_TERMINATION_mean,-6.619392842050299e-05
bureau_DAYS_CREDIT_ENDDATE_max,-0.006849945946939115
FLAG_DOCUMENT_5,0.0
NAME_HOUSING_TYPE,-0.047955983652873964
bureau_SK_ID_BUREAU_mean,-2.4105242109178428e-06
prevapp_AMT_CREDIT_mean,1.5807714312002072e-06
FLAG_DOCUMENT_9,3.2596940090332465e-06
AMT_GOODS_PRICE,-0.012442234958734269
prevapp_DAYS_LAST_DUE_sum,-0.0034598206636761645
bureau_SK_ID_BUREAU_max,-0.001644560855205931
HOUR_APPR_PROCESS_START,-0.00685607736804755
bureau_AMT_CREDIT_SUM_OVERDUE_sum,-0.0007534040546670367
prevapp_SK_ID_PREV_var,-0.0001378895084951875
bureau_AMT_CREDIT_SUM_LIMIT_min,-9.686347255057976e-05
FLAG_DOCUMENT_21,-1.500033960444174e-05
bureau_DAYS_CREDIT_ENDDATE_sum,-0.002808974121862831
bureau_AMT_CREDIT_SUM_OVERDUE_min,0.0
FLAG_EMAIL,-0.00022675613308587822
prevapp_NFLAG_INSURED_ON_APPROVAL_max,-0.10093399557495543
prevapp_DAYS_TERMINATION_sum,0.0004908904088645918
bureau_DAYS_CREDIT_UPDATE_sum,-4.3612070487603475e-07
FLAG_OWN_CAR,-0.20599641025364038
prevapp_DAYS_LAST_DUE_var,-1.6501224723913035e-05
bureau_DAYS_CREDIT_UPDATE_min,-0.0014621886953677175
REGION_POPULATION_RELATIVE,-0.007530500457371062
CODE_GENDER,-0.4467772623588308
bureau_CREDIT_DAY_OVERDUE_min,-1.2196496936400734e-05
prevapp_AMT_GOODS_PRICE_max,-0.001259970416939416
prevapp_SELLERPLACE_AREA_mean,-0.00013384964409835805
WEEKDAY_APPR_PROCESS_START,-0.12817779670165058
bureau_SK_ID_BUREAU_var,-0.004397063235072797
prevapp_AMT_ANNUITY_max,-0.0005251022242168134
NAME_TYPE_SUITE,-0.019100039385351198
prevapp_DAYS_LAST_DUE_mean,-0.023430315099918133
prevapp_RATE_DOWN_PAYMENT_min,-0.040912526674213884
prevapp_DAYS_FIRST_DUE_max,-0.0018401678619185088
prevapp_AMT_CREDIT_max,1.9644710564137803e-05
REG_CITY_NOT_LIVE_CITY,-0.08270482083674958
prevapp_AMT_DOWN_PAYMENT_max,-0.003438976765086919
bureau_AMT_CREDIT_SUM_max,-0.0014902448456757672
prevapp_AMT_DOWN_PAYMENT_sum,-0.0003428208161468116
prevapp_HOUR_APPR_PROCESS_START_var,8.383264090217997e-06
bureau_AMT_CREDIT_SUM_LIMIT_mean,-1.5011574461897032e-05
AMT_ANNUITY,-0.002421412934160481
prevapp_AMT_ANNUITY_var,2.2133766427593787e-05
prevapp_DAYS_TERMINATION_var,7.281166571857162e-05
FLAG_DOCUMENT_19,0.0
prevapp_HOUR_APPR_PROCESS_START_mean,-0.00023725163514283878
REG_REGION_NOT_WORK_REGION,0.0
EXT_SOURCE_2,-0.08708504098909457
FLAG_DOCUMENT_20,0.0
bureau_AMT_ANNUITY_sum,-0.0005695185383556025
prevapp_CNT_PAYMENT_mean,-0.001962759927122935
bureau_CREDIT_DAY_OVERDUE_sum,0.0
prevapp_SELLERPLACE_AREA_sum,8.144635492604101e-05
AMT_CREDIT,-0.018944128492736637
prevapp_AMT_APPLICATION_sum,0.0
prevapp_RATE_DOWN_PAYMENT_sum,-0.0005091033245697665
bureau_CREDIT_DAY_OVERDUE_mean,0.0
bureau_AMT_CREDIT_SUM_DEBT_min,-0.013352556390901845
bureau_SK_ID_BUREAU_sum,-0.0001922725584737788
bureau_DAYS_CREDIT_ENDDATE_mean,-0.0006195201856345524
bureau_AMT_CREDIT_SUM_OVERDUE_mean,-3.4316964193682965e-05
prevapp_NFLAG_LAST_APPL_IN_DAY_mean,0.0
FLAG_DOCUMENT_14,0.0
prevapp_DAYS_DECISION_max,-0.00039313717667044444
bureau_CREDIT_DAY_OVERDUE_var,0.0
bureau_DAYS_ENDDATE_FACT_sum,-0.0019740192184565
bureau_DAYS_CREDIT_mean,-0.0006645007996879061
prevapp_NFLAG_LAST_APPL_IN_DAY_sum,-0.00663396212278987
prevapp_DAYS_LAST_DUE_1ST_VERSION_min,0.0006064635671509134
bureau_DAYS_ENDDATE_FACT_mean,-3.25048568252709e-05
bureau_AMT_CREDIT_SUM_LIMIT_var,-1.8187149146714395e-05
prevapp_SELLERPLACE_AREA_max,-0.0004320813733280729
prevapp_DAYS_FIRST_DUE_sum,-7.498624390701786e-05
NAME_INCOME_TYPE,-0.06689704314361156
AMT_REQ_CREDIT_BUREAU_HOUR,8.351438812604878e-05
prevapp_SK_ID_PREV_max,0.0001301577879089215
bureau_AMT_CREDIT_SUM_sum,-0.0012292089442968253
prevapp_DAYS_LAST_DUE_max,0.011213776032089303
prevapp_DAYS_TERMINATION_max,0.003120702263063702
prevapp_RATE_DOWN_PAYMENT_max,-0.024165408624410835
bureau_DAYS_CREDIT_UPDATE_max,-0.012902885749848676
bureau_DAYS_CREDIT_max,-0.0006324200366935629
bureau_DAYS_CREDIT_UPDATE_mean,0.0007951753591664268
bureau_CNT_CREDIT_PROLONG_sum,0.0
bureau_AMT_CREDIT_SUM_var,-0.0002800034472778128
prevapp_AMT_CREDIT_sum,-0.00010847570822702796
FLAG_DOCUMENT_6,0.0018631983325739976
prevapp_DAYS_FIRST_DUE_min,-0.002669201422709331
prevapp_HOUR_APPR_PROCESS_START_max,-0.024005770601386544
prevapp_SK_ID_PREV_min,2.8871711382900344e-06
bureau_DAYS_ENDDATE_FACT_min,9.56013925278933e-05
prevapp_NFLAG_INSURED_ON_APPROVAL_mean,-9.808929171126207e-05
CNT_CHILDREN,-0.11624940309525218
AMT_REQ_CREDIT_BUREAU_YEAR,-0.02990583603375407
bureau_DAYS_CREDIT_var,-1.3697816229084856e-05
prevapp_DAYS_LAST_DUE_min,-0.0015022610793858052
REG_CITY_NOT_WORK_CITY,-0.2129117713302392
prevapp_NFLAG_INSURED_ON_APPROVAL_sum,-0.008536885661791265
prevapp_SELLERPLACE_AREA_var,-2.1456385011191097e-05
prevapp_CNT_PAYMENT_max,-0.04196954726584318
FLAG_DOCUMENT_2,0.0
prevapp_DAYS_DECISION_mean,-3.8727320692999415e-05
prevapp_DAYS_DECISION_min,-0.0010065051380696499
EXT_SOURCE_3,-0.05226463063770033
bureau_CNT_CREDIT_PROLONG_var,0.0
prevapp_DAYS_DECISION_var,-7.098496350623363e-05
FLAG_OWN_REALTY,-0.44127771038563823
bureau_DAYS_CREDIT_min,-0.007161880750427285
prevapp_AMT_DOWN_PAYMENT_min,-0.002473452385359388
bureau_CNT_CREDIT_PROLONG_max,0.0
REG_REGION_NOT_LIVE_REGION,5.619673081104258e-06
prevapp_DAYS_FIRST_DRAWING_sum,-0.01886058564133877
bureau_DAYS_CREDIT_ENDDATE_min,-4.870754579548251e-06
FLAG_WORK_PHONE,-0.28049483276152976
